<?xml version="1.0" encoding="UTF-8"?>
<PersonnesLocalisees>
  <personnelocalisee>
    <Personne>
      <nom>nom0</nom>
      <prenom>prenom0</prenom>
      <email>mail0@univ-tlse3.fr</email>
    </Personne>
    <Adresse>
      <numrue>65</numrue>
      <numpostal>31520</numpostal>
      <ville>Ramonville-Saint-Agne</ville>
      <rue>Avenue Tolosane</rue>
    </Adresse>
    <LonLat>
      <lat>43.5466585</lat>
      <lon>1.473674</lon>
    </LonLat>
    <id>0</id>
  </personnelocalisee>
  <personnelocalisee>
    <Personne>
      <nom>nom1</nom>
      <prenom>prenom1</prenom>
      <email>mail1@univ-tlse3.fr</email>
    </Personne>
    <Adresse>
      <numrue>118</numrue>
      <numpostal>31062</numpostal>
      <ville>Toulouse</ville>
      <rue>Route de Narbonne</rue>
    </Adresse>
    <LonLat>
      <lat>43.5615654</lat>
      <lon>1.4630301</lon>
    </LonLat>
    <id>1</id>
  </personnelocalisee>
  <personnelocalisee>
    <Personne>
      <nom>nom2</nom>
      <prenom>prenom2</prenom>
      <email>mail2@univ-tlse3.fr</email>
    </Personne>
    <Adresse>
      <numrue>141</numrue>
      <numpostal>31062</numpostal>
      <ville>Toulouse</ville>
      <rue>Avenue de Rangueil</rue>
    </Adresse>
    <LonLat>
      <lat>43.5675265</lat>
      <lon>1.468509</lon>
    </LonLat>
    <id>2</id>
  </personnelocalisee>
  <personnelocalisee>
    <Personne>
      <nom>nom3</nom>
      <prenom>prenom3</prenom>
      <email>mail3@univ-tlse3.fr</email>
    </Personne>
    <Adresse>
      <numrue>1</numrue>
      <numpostal>31062</numpostal>
      <ville>Toulouse</ville>
      <rue>Grande Rue Saint-Michel</rue>
    </Adresse>
    <LonLat>
      <lat>43.5845238</lat>
      <lon>1.4476851</lon>
    </LonLat>
    <id>3</id>
  </personnelocalisee>
  <personnelocalisee>
    <Personne>
      <nom>nom4</nom>
      <prenom>prenom4</prenom>
      <email>mail4@univ-tlse3.fr</email>
    </Personne>
    <Adresse>
      <numrue>15</numrue>
      <numpostal>31062</numpostal>
      <ville>Toulouse</ville>
      <rue>Allées Jean Jaurès</rue>
    </Adresse>
    <LonLat>
      <lat>43.6060997</lat>
      <lon>1.4486949</lon>
    </LonLat>
    <id>4</id>
  </personnelocalisee>
</PersonnesLocalisees>
